name	seq	length	%gc	tm (use 65)
OROV_M_400_1_LEFT	GCAACAAACAGTGACAATGGCG	22	50.0	61.6697515277
OROV_M_400_1_RIGHT	GCTGCTCTACATGTGTACATTTTAGG	26	42.3076923077	60.238211426
OROV_M_400_2_LEFT	TCTGAGTGCAATCCAGTGCTAGA	23	47.8260869565	61.382531115
OROV_M_400_2_RIGHT	ACATTGCTTCAATCATTGAGTATGGC	26	38.4615384615	60.6821132253
OROV_M_400_3_LEFT	TGTGGTCAGAAATCAATAAAATTCCATGC	29	34.4827586207	61.4346262461
OROV_M_400_3_RIGHT	GCACCTTAAGAGCTTCTGTGCA	22	50.0	61.1303506023
OROV_M_400_4_LEFT	CCTGCCCAAATTGTCTACTTGCA	23	47.8260869565	61.6225619211
OROV_M_400_4_RIGHT	AAATGCTGAAAAGCCGGTTGAAT	23	39.1304347826	60.2441807099
OROV_M_400_5_LEFT	AGAAATGGAAGTCTTGAAGCAGTCA	25	40.0	60.6885002828
OROV_M_400_5_RIGHT	CAAGCAATCTTCATCTGCATAAACTGT	27	37.037037037	60.8405543497
OROV_M_400_6_LEFT	TGCAAATTTAGTCCAAGAGTAAACCACT	28	35.7142857143	61.5268170892
OROV_M_400_6_RIGHT	GCGCCAGGCAACATTATAAGGT	22	50.0	61.5862932543
OROV_M_400_7_LEFT	AGTTTGCCCAAGATTCACATAGAATGA	27	37.037037037	61.2350915783
OROV_M_400_7_RIGHT	GCCTTAAGAGCATCAGAGTCATCT	24	45.8333333333	60.2022431124
OROV_M_400_8_LEFT	GCTGACCTGAACACCATAATGGA	23	47.8260869565	60.6222061228
OROV_M_400_8_RIGHT	AAAGCAGGTGGTTTGTATGCGG	22	50.0	61.9713458325
OROV_M_400_9_LEFT	ACGAAATTCCCAAATCTAATCCTTTTACTG	30	33.3333333333	60.784024763
OROV_M_400_9_RIGHT	CCACAGAATACGATCGGCCATG	22	54.5454545455	61.4363111884
OROV_M_400_10_LEFT	CGCAACCAGCAGATATGCAGAC	22	54.5454545455	62.1874240296
OROV_M_400_10_RIGHT	GTGGAAGGTTCTTTGTGGGCTT	22	50.0	61.2774807485
OROV_M_400_11_LEFT	AGACCCACAAAGAATTTAGCACTATGA	27	37.037037037	60.7462985091
OROV_M_400_11_RIGHT	CAGGAATCTTTTCGGGGCAGTG	22	54.5454545455	61.7734802173
OROV_M_400_12_LEFT	AGCACAGTACCAGAAAGCATACAC	24	45.8333333333	61.0981779872
OROV_M_400_12_RIGHT	AGGGTCGGAAGTTGGTTAGTCT	22	50.0	60.7589856849
OROV_M_400_13_LEFT	ACTTTGCCTCATGAAACTTATTGCAA	26	34.6153846154	60.4627679706
OROV_M_400_13_RIGHT	TTTGGCCCATGTTTGATCCTGT	22	45.4545454545	60.759331604
OROV_M_400_14_LEFT	TGACAATTATCAGTCATGCACTAGGTT	27	37.037037037	60.7978137934
OROV_M_400_14_RIGHT	ATGTCTCTCCCACAGATATGTGCT	24	45.8333333333	61.1839208943
OROV_M_400_15_LEFT	CTGCCATTGTAAAACAAACTGTGAAGA	27	37.037037037	61.1057357978
OROV_M_400_15_RIGHT	CCGACCTATGGGCAACAGGATAT	23	52.1739130435	61.8927878631
OROV_M_400_16_LEFT	ACAATCAGAAGATAGATTTGTCGCAGTT	28	35.7142857143	61.4610832085
OROV_M_400_16_RIGHT	TGTGCTACCAACAACAATTTTTGACT	26	34.6153846154	60.5732889368
