name	seq	length	%gc	tm (use 65)
YFV_1000_1_LEFT	GTCTGGTCGTAAAGCTCAGGGA	22	54.5454545455	61.7238308707
YFV_1000_1_RIGHT	GCCATCACAGTGACACACTTGT	22	50.0	61.3232582279
YFV_1000_2_LEFT	CGGCTCACTGTATAGGAATAACCG	24	50.0	60.8511963353
YFV_1000_2_RIGHT	TGTCCAGTGTCAGTTGGGTTCT	22	50.0	61.4888168269
YFV_1000_3_LEFT	GCGTGTAGGGTGAAGTTGTCAG	22	54.5454545455	61.4341551663
YFV_1000_3_RIGHT	GGTTTTTGCCCCAAGTCTTCCA	22	50.0	61.5441984265
YFV_1000_4_LEFT	CTCAGTGGTGGTCCAAGACTCA	22	54.5454545455	61.606231208
YFV_1000_4_RIGHT	TCATGAAAGTGCAGTCCAACCG	22	50.0	61.3853629679
YFV_1000_5_LEFT	GTTGGAGGCATGGTGCTTCTAG	22	54.5454545455	61.2608878444
YFV_1000_5_RIGHT	AATGGATGGATAGCAGCTCCGA	22	50.0	61.3532181851
YFV_1000_6_LEFT	ACTCTCAGTGAGCAAGGGGAAT	22	50.0	61.0962829377
YFV_1000_6_RIGHT	GTGGCATGACACATAGCGTCAA	22	50.0	61.5049606103
YFV_1000_7_LEFT	AATGAAGGAAGCCTTTCACGGC	22	50.0	61.7175288843
YFV_1000_7_RIGHT	CTCAAAGCACCACTTTCGGTCA	22	50.0	61.3206105101
YFV_1000_8_LEFT	ATGACCAGAGGAGAGTCTTCCG	22	54.5454545455	60.9481474048
YFV_1000_8_RIGHT	CTTGATCCAGTGGTGCAGCATT	22	50.0	61.463526528
YFV_1000_9_LEFT	TTGGAGCTGGCCAGATTTTGAC	22	50.0	61.4023548768
YFV_1000_9_RIGHT	TTTCGTGGCCTTCCTTTCCAAG	22	50.0	61.3339735425
YFV_1000_10_LEFT	AGAGTGACTGACCTGGGATGTG	22	54.5454545455	61.4132209454
YFV_1000_10_RIGHT	GGTTCTTTTCTCTGGCCAGGTG	22	54.5454545455	61.3959269114
YFV_1000_11_LEFT	TGACACCAGAGCAAAGGATCCA	22	50.0	61.6224218921
YFV_1000_11_RIGHT	TCGGACAACACAGTCATCTCCA	22	50.0	61.3407735165
YFV_1000_12_LEFT	AAAGTGGTGAAAGTCCTGAGGC	22	50.0	60.7498004185
YFV_1000_12_RIGHT	TGCAGATCAGCATCCACAGAGT	22	50.0	61.7421252145
